component_id,vertex_index,ra_deg,dec_deg
C00,0,185.000000,59.599900
C00,1,191.036808,59.552671
C00,2,196.712123,58.583247
C00,3,201.398233,56.801578
C00,4,204.817313,54.434065
C00,5,207.036930,51.730164
C00,6,208.312088,48.890317
C00,7,208.931029,46.034264
C00,8,209.120488,43.203245
C00,9,209.004666,40.385771
C00,10,208.604383,37.556465
C00,11,207.866224,34.714882
C00,12,206.708793,31.910426
C00,13,205.069297,29.244534
C00,14,202.936094,26.850538
C00,15,200.360647,24.859731
C00,16,197.449480,23.365832
C00,17,194.340460,22.399451
C00,18,191.170097,21.920939
C00,19,188.040997,21.834741
C00,20,185.000000,22.021658
C00,21,182.035626,22.378967
C00,22,179.097398,22.854788
C00,23,176.131111,23.464344
C00,24,173.116925,24.282129
C00,25,170.095734,25.412991
C00,26,167.174644,26.952719
C00,27,164.511257,28.951592
C00,28,162.283485,31.392051
C00,29,160.654086,34.186193
C00,30,159.737622,37.193068
C00,31,159.575839,40.251259
C00,32,160.128744,43.218424
C00,33,161.291065,46.005392
C00,34,162.939313,48.590219
C00,35,164.998449,51.002260
C00,36,167.498773,53.279153
C00,37,170.589229,55.413436
C00,38,174.482669,57.311574
C00,39,179.322761,58.786536
C01,0,150.000000,27.749509
C01,1,153.189732,28.048101
C01,2,156.513343,27.909737
C01,3,159.865307,27.255990
C01,4,163.092990,26.028469
C01,5,166.017444,24.211936
C01,6,168.466414,21.847299
C01,7,170.305511,19.030106
C01,8,171.456294,15.896598
C01,9,171.898823,12.603338
C01,10,171.663280,9.306507
C01,11,170.816751,6.144890
C01,12,169.449112,3.228519
C01,13,167.659781,0.633733
C01,14,165.546249,-1.595453
C01,15,163.195554,-3.440794
C01,16,160.679953,-4.900401
C01,17,158.057263,-5.979478
C01,18,155.374885,-6.683903
C01,19,152.675228,-7.017972
C01,20,150.000000,-6.985818
C01,21,147.391740,-6.594574
C01,22,144.892634,-5.857049
C01,23,142.542066,-4.792352
C01,24,140.374889,-3.424360
C01,25,138.421752,-1.779220
C01,26,136.711536,0.116372
C01,27,135.274671,2.234757
C01,28,134.145509,4.544508
C01,29,133.362161,7.006314
C01,30,132.963147,9.569461
C01,31,132.981355,12.170955
C01,32,133.436870,14.738574
C01,33,134.330891,17.197844
C01,34,135.643190,19.481374
C01,35,137.334976,21.537644
C01,36,139.357425,23.335742
C01,37,141.663501,24.863271
C01,38,144.218182,26.116891
C01,39,147.001394,27.088088
C02,0,75.000000,33.873729
C02,1,78.399577,33.228177
C02,2,81.469410,32.015547
C02,3,84.102916,30.371547
C02,4,86.279260,28.434601
C02,5,88.039510,26.318015
C02,6,89.453052,24.094259
C02,7,90.586114,21.792915
C02,8,91.479023,19.410535
C02,9,92.135152,16.928466
C02,10,92.521827,14.333360
C02,11,92.581093,11.634873
C02,12,92.246223,8.876302
C02,13,91.459368,6.136278
C02,14,90.186707,3.522037
C02,15,88.429142,1.156507
C02,16,86.227694,-0.837952
C02,17,83.662970,-2.356276
C02,18,80.848128,-3.325082
C02,19,77.915642,-3.712112
C02,20,75.000000,-3.528857
C02,21,72.220273,-2.825907
C02,22,69.666701,-1.682328
C02,23,67.393952,-0.191670
C02,24,65.421372,1.552502
C02,25,63.738954,3.469163
C02,26,62.317143,5.498842
C02,27,61.118815,7.608067
C02,28,60.111870,9.788681
C02,29,59.280850,12.051964
C02,30,58.635830,14.418183
C02,31,58.216916,16.903109
C02,32,58.093182,19.503806
C02,33,58.355521,22.186378
C02,34,59.103343,24.878305
C02,35,60.425215,27.467534
C02,36,62.374087,29.810059
C02,37,64.940153,31.746967
C02,38,68.029559,33.130220
C02,39,71.462282,33.852754
C03,0,115.000000,61.252308
C03,1,120.058086,60.718611
C03,2,124.705063,59.818054
C03,3,128.905953,58.591810
C03,4,132.605911,57.034780
C03,5,135.688147,55.131222
C03,6,138.003671,52.895294
C03,7,139.435823,50.393410
C03,8,139.950661,47.739484
C03,9,139.609257,45.069937
C03,10,138.548333,42.512213
C03,11,136.946433,40.158341
C03,12,134.987896,38.050138
C03,13,132.830444,36.178940
C03,14,130.580560,34.499889
C03,15,128.281769,32.957379
C03,16,125.920145,31.514388
C03,17,123.446769,30.175894
C03,18,120.810061,28.997626
C03,19,117.986596,28.076374
C03,20,115.000000,27.524931
C03,21,111.922824,27.440171
C03,22,108.862348,27.874785
C03,23,105.935729,28.821599
C03,24,103.242172,30.215197
C03,25,100.840134,31.950155
C03,26,98.736406,33.910136
C03,27,96.891624,35.998542
C03,28,95.242862,38.160451
C03,29,93.738251,40.388093
C03,30,92.373113,42.707931
C03,31,91.215730,45.154397
C03,32,90.415102,47.739766
C03,33,90.188821,50.429750
C03,34,90.791299,53.131281
C03,35,92.459749,55.695981
C03,36,95.335037,57.941604
C03,37,99.371723,59.692044
C03,38,104.291209,60.828142
C03,39,109.647986,61.325749
