event_id,event_type,actual_start_utc,actual_end_utc,scope_type,azimuth_start_deg,azimuth_end_deg,min_altitude_deg,max_altitude_deg,magnitude,severity,force_close,zero_score,seeing_multiplier,transparency_multiplier,sky_quality_multiplier,instrument_efficiency_multiplier
V4EV0041,cloudy,2027-06-03T02:45:00Z,2027-06-03T23:00:00Z,HORIZON_SECTOR,80.664582,193.836729,0.000000,77.846570,,0.566001,false,false,1.141500,0.745299,0.801899,1.000000
V4EV0001,rainy,2027-06-03T19:30:00Z,2027-06-04T18:00:00Z,ALL,,,,,,0.884864,true,false,1.707892,0.336352,0.424838,1.000000
V4EV0042,cloudy,2027-06-06T22:30:00Z,2027-06-07T02:30:00Z,HORIZON_SECTOR,71.484219,159.361641,0.000000,41.783484,,0.968805,false,false,1.242201,0.564038,0.660918,1.000000
V4EV0002,rainy,2027-06-08T04:00:00Z,2027-06-09T02:45:00Z,ALL,,,,,,0.715872,true,false,1.572698,0.463096,0.534683,1.000000
V4EV0043,cloudy,2027-06-09T19:15:00Z,2027-06-10T02:00:00Z,HORIZON_SECTOR,164.549353,229.363888,0.000000,71.893524,,0.984145,false,false,1.246036,0.557135,0.655549,1.000000
V4EV0003,rainy,2027-06-13T21:15:00Z,2027-06-14T02:15:00Z,ALL,,,,,,0.816079,true,false,1.652863,0.387940,0.469548,1.000000
V4EV0044,cloudy,2027-06-14T02:00:00Z,2027-06-14T23:00:00Z,HORIZON_SECTOR,118.012890,179.249557,0.000000,47.147781,,0.605922,false,false,1.151480,0.727335,0.787927,1.000000
V4EV0045,cloudy,2027-06-14T22:45:00Z,2027-06-15T01:00:00Z,ALL,,,,,,0.900082,false,false,1.225021,0.594963,0.684971,1.000000
V4EV0004,rainy,2027-06-16T19:45:00Z,2027-06-17T17:45:00Z,ALL,,,,,,0.679312,true,false,1.543449,0.490516,0.558447,1.000000
V4EV0005,rainy,2027-06-20T02:30:00Z,2027-06-20T18:30:00Z,ALL,,,,,,0.767117,true,false,1.613694,0.424662,0.501374,1.000000
V4EV0046,cloudy,2027-06-21T02:00:00Z,2027-06-21T19:15:00Z,HORIZON_SECTOR,203.841425,275.831710,0.000000,71.464637,,0.713764,false,false,1.178441,0.678806,0.750182,1.000000
V4EV0047,cloudy,2027-06-22T19:15:00Z,2027-06-22T23:30:00Z,HORIZON_SECTOR,150.050569,227.977464,0.000000,55.964006,,0.695154,false,false,1.173789,0.687181,0.756696,1.000000
V4EV0006,rainy,2027-06-22T23:30:00Z,2027-06-23T01:30:00Z,ALL,,,,,,0.613759,true,false,1.491007,0.539681,0.601057,1.000000
V4EV0048,cloudy,2027-06-26T18:45:00Z,2027-06-26T22:00:00Z,HORIZON_SECTOR,174.461304,221.826880,0.000000,64.736398,,0.654795,false,false,1.163699,0.705342,0.770822,1.000000
V4EV0049,cloudy,2027-06-27T00:30:00Z,2027-06-27T04:15:00Z,HORIZON_SECTOR,108.188013,222.402106,0.000000,47.479048,,0.619209,false,false,1.154802,0.721356,0.783277,1.000000
V4EV0007,rainy,2027-06-28T01:15:00Z,2027-06-28T21:30:00Z,ALL,,,,,,0.979344,true,false,1.783475,0.265492,0.363427,1.000000
V4EV0008,rainy,2027-07-01T00:30:00Z,2027-07-01T20:15:00Z,ALL,,,,,,0.973559,true,false,1.778847,0.269831,0.367187,1.000000
V4EV0050,cloudy,2027-07-03T00:45:00Z,2027-07-03T18:15:00Z,HORIZON_SECTOR,234.150514,288.016492,0.000000,59.925827,,0.626107,false,false,1.156527,0.718252,0.780863,1.000000
V4EV0091,cold_wave,2027-07-03T18:45:00Z,2027-07-06T00:15:00Z,ALL,,,,,,0.621689,false,false,1.031084,0.975132,0.987566,1.000000
V4EV0095,rocket_launch,2027-07-03T19:00:00Z,2027-07-03T19:30:00Z,HORIZON_SECTOR,23.800639,94.170860,0.000000,48.454315,,1.000000,true,false,1.000000,1.000000,1.000000,1.000000
V4EV0051,cloudy,2027-07-04T20:45:00Z,2027-07-05T03:00:00Z,HORIZON_SECTOR,256.043305,12.899304,0.000000,78.587588,,0.662936,false,false,1.165734,0.701679,0.767973,1.000000
V4EV0009,rainy,2027-07-05T03:15:00Z,2027-07-05T20:30:00Z,ALL,,,,,,0.607291,true,false,1.485833,0.544531,0.605261,1.000000
V4EV0052,cloudy,2027-07-06T22:30:00Z,2027-07-07T02:45:00Z,ALL,,,,,,0.975183,false,false,1.243796,0.561168,0.658686,1.000000
V4EV0010,rainy,2027-07-07T22:30:00Z,2027-07-08T03:15:00Z,ALL,,,,,,0.764475,true,false,1.611580,0.426644,0.503091,1.000000
V4EV0053,cloudy,2027-07-12T20:00:00Z,2027-07-13T02:15:00Z,HORIZON_SECTOR,300.606971,47.471538,0.000000,72.037520,,0.630610,false,false,1.157653,0.716225,0.779286,1.000000
V4EV0054,cloudy,2027-07-13T23:30:00Z,2027-07-14T20:30:00Z,HORIZON_SECTOR,355.226096,76.200231,0.000000,65.529059,,0.792952,false,false,1.198238,0.643172,0.722467,1.000000
V4EV0011,rainy,2027-07-14T03:30:00Z,2027-07-14T20:15:00Z,ALL,,,,,,0.793264,true,false,1.634612,0.405052,0.484378,1.000000
V4EV0055,cloudy,2027-07-16T18:30:00Z,2027-07-16T22:00:00Z,ALL,,,,,,0.779569,false,false,1.194892,0.649194,0.727151,1.000000
V4EV0012,rainy,2027-07-18T03:45:00Z,2027-07-18T19:30:00Z,ALL,,,,,,0.804902,true,false,1.643921,0.396324,0.476814,1.000000
V4EV0013,rainy,2027-07-19T20:00:00Z,2027-07-19T22:45:00Z,ALL,,,,,,0.628982,true,false,1.503185,0.528264,0.591162,1.000000
V4EV0056,cloudy,2027-07-20T02:45:00Z,2027-07-20T19:15:00Z,HORIZON_SECTOR,76.885377,165.370078,0.000000,78.579659,,0.601643,false,false,1.150411,0.729261,0.789425,1.000000
V4EV0057,cloudy,2027-07-23T01:15:00Z,2027-07-23T21:30:00Z,HORIZON_SECTOR,337.460478,65.310398,0.000000,41.950936,,0.824064,false,false,1.206016,0.629171,0.711578,1.000000
V4EV0014,rainy,2027-07-24T17:45:00Z,2027-07-24T21:30:00Z,ALL,,,,,,0.864377,true,false,1.691501,0.351718,0.438155,1.000000
V4EV0099,earthquake,2027-07-24T23:45:00Z,2027-07-25T00:00:00Z,ALL,,,,,6.097,1.000000,false,false,1.000000,1.000000,1.000000,1.000000
V4EV0058,cloudy,2027-07-26T18:45:00Z,2027-07-27T01:45:00Z,HORIZON_SECTOR,292.032642,11.706655,0.000000,43.798639,,0.624222,false,false,1.156056,0.719100,0.781522,1.000000
V4EV0059,cloudy,2027-07-28T18:45:00Z,2027-07-29T02:45:00Z,HORIZON_SECTOR,248.554092,335.082696,0.000000,76.857595,,0.640407,false,false,1.160102,0.711817,0.775858,1.000000
V4EV0015,rainy,2027-07-28T22:00:00Z,2027-07-29T21:30:00Z,ALL,,,,,,0.885510,true,false,1.708408,0.335867,0.424418,1.000000
V4EV0060,cloudy,2027-08-01T21:15:00Z,2027-08-02T18:00:00Z,ALL,,,,,,0.861890,false,false,1.215472,0.612150,0.698339,1.000000
V4EV0096,rocket_launch,2027-08-03T01:00:00Z,2027-08-03T01:30:00Z,HORIZON_SECTOR,304.059848,352.628109,0.000000,34.857912,,1.000000,true,false,1.000000,1.000000,1.000000,1.000000
V4EV0016,rainy,2027-08-03T01:45:00Z,2027-08-03T19:00:00Z,ALL,,,,,,0.591807,true,false,1.473445,0.556145,0.615326,1.000000
V4EV0092,cold_wave,2027-08-04T00:00:00Z,2027-08-08T02:00:00Z,ALL,,,,,,0.976920,false,false,1.048846,0.960923,0.980462,1.000000
V4EV0061,cloudy,2027-08-04T19:15:00Z,2027-08-05T00:30:00Z,HORIZON_SECTOR,162.398496,219.385280,0.000000,41.349485,,0.903229,false,false,1.225807,0.593547,0.683870,1.000000
V4EV0017,rainy,2027-08-04T19:45:00Z,2027-08-05T18:45:00Z,ALL,,,,,,0.844574,true,false,1.675659,0.366569,0.451027,1.000000
V4EV0062,cloudy,2027-08-08T19:45:00Z,2027-08-09T03:15:00Z,HORIZON_SECTOR,137.265764,195.917717,0.000000,53.528952,,0.769608,false,false,1.192402,0.653676,0.730637,1.000000
V4EV0063,cloudy,2027-08-09T03:15:00Z,2027-08-09T23:15:00Z,HORIZON_SECTOR,93.050849,187.483299,0.000000,64.782074,,0.887834,false,false,1.221959,0.600475,0.689258,1.000000
V4EV0018,rainy,2027-08-11T00:15:00Z,2027-08-11T23:15:00Z,ALL,,,,,,0.639406,true,false,1.511525,0.520445,0.584386,1.000000
V4EV0019,rainy,2027-08-13T22:45:00Z,2027-08-14T20:45:00Z,ALL,,,,,,0.811796,true,false,1.649437,0.391153,0.472332,1.000000
V4EV0064,cloudy,2027-08-15T01:30:00Z,2027-08-15T22:45:00Z,HORIZON_SECTOR,343.484571,37.385055,0.000000,44.556384,,0.925860,false,false,1.231465,0.583363,0.675949,1.000000
V4EV0101,instrument_fault,2027-08-15T20:15:00Z,2027-12-01T01:45:00Z,ALL,,,,,,1.000000,false,false,1.000000,1.000000,1.000000,0.490892
V4EV0020,rainy,2027-08-17T18:15:00Z,2027-08-18T18:00:00Z,ALL,,,,,,0.650591,true,false,1.520472,0.512057,0.577116,1.000000
V4EV0065,cloudy,2027-08-18T22:15:00Z,2027-08-19T02:00:00Z,HORIZON_SECTOR,130.092757,210.573283,0.000000,42.021005,,0.837149,false,false,1.209287,0.623283,0.706998,1.000000
V4EV0066,cloudy,2027-08-20T20:30:00Z,2027-08-21T18:15:00Z,ALL,,,,,,0.980826,false,false,1.245206,0.558628,0.656711,1.000000
V4EV0021,rainy,2027-08-21T23:00:00Z,2027-08-22T22:30:00Z,ALL,,,,,,0.871176,true,false,1.696941,0.346618,0.433736,1.000000
V4EV0022,rainy,2027-08-24T21:00:00Z,2027-08-25T18:30:00Z,ALL,,,,,,0.984087,true,false,1.787269,0.261935,0.360344,1.000000
V4EV0067,cloudy,2027-08-25T21:00:00Z,2027-08-26T02:45:00Z,ALL,,,,,,0.699566,false,false,1.174892,0.685195,0.755152,1.000000
V4EV0068,cloudy,2027-08-28T02:00:00Z,2027-08-28T18:30:00Z,HORIZON_SECTOR,194.543370,286.763945,0.000000,72.383631,,0.722056,false,false,1.180514,0.675075,0.747280,1.000000
V4EV0069,cloudy,2027-08-29T20:00:00Z,2027-08-29T22:00:00Z,HORIZON_SECTOR,333.251475,65.259072,0.000000,46.290723,,0.572188,false,false,1.143047,0.742516,0.799734,1.000000
V4EV0023,rainy,2027-08-31T18:45:00Z,2027-08-31T23:45:00Z,ALL,,,,,,0.803439,true,false,1.642751,0.397420,0.477764,1.000000
V4EV0024,rainy,2027-09-02T00:15:00Z,2027-09-02T22:00:00Z,ALL,,,,,,0.822224,true,false,1.657779,0.383332,0.465555,1.000000
V4EV0070,cloudy,2027-09-04T01:30:00Z,2027-09-04T20:00:00Z,HORIZON_SECTOR,9.692809,114.083854,0.000000,69.707431,,0.834854,false,false,1.208714,0.624316,0.707801,1.000000
V4EV0071,cloudy,2027-09-05T02:30:00Z,2027-09-05T22:00:00Z,ALL,,,,,,0.978961,false,false,1.244740,0.559467,0.657364,1.000000
V4EV0097,rocket_launch,2027-09-06T02:00:00Z,2027-09-06T03:00:00Z,HORIZON_SECTOR,199.723775,252.884476,0.000000,44.033304,,1.000000,true,false,1.000000,1.000000,1.000000,1.000000
V4EV0093,cold_wave,2027-09-06T21:15:00Z,2027-09-09T18:30:00Z,ALL,,,,,,0.988001,false,false,1.049400,0.960480,0.980240,1.000000
V4EV0025,rainy,2027-09-06T22:00:00Z,2027-09-07T20:00:00Z,ALL,,,,,,0.664376,true,false,1.531501,0.501718,0.568155,1.000000
V4EV0072,cloudy,2027-09-12T21:15:00Z,2027-09-13T00:30:00Z,HORIZON_SECTOR,305.271106,353.420043,0.000000,41.882176,,0.700832,false,false,1.175208,0.684625,0.754709,1.000000
V4EV0026,rainy,2027-09-13T00:00:00Z,2027-09-13T20:45:00Z,ALL,,,,,,0.621724,true,false,1.497379,0.533707,0.595880,1.000000
V4EV0100,earthquake,2027-09-14T20:30:00Z,2027-09-14T20:45:00Z,ALL,,,,,5.540,1.000000,false,false,1.000000,1.000000,1.000000,1.000000
V4EV0073,cloudy,2027-09-14T23:15:00Z,2027-09-15T18:45:00Z,HORIZON_SECTOR,89.703701,138.084505,0.000000,60.718563,,0.600679,false,false,1.150170,0.729695,0.789762,1.000000
V4EV0027,rainy,2027-09-16T01:00:00Z,2027-09-16T20:30:00Z,ALL,,,,,,0.626116,true,false,1.500893,0.530413,0.593024,1.000000
V4EV0074,cloudy,2027-09-17T20:00:00Z,2027-09-17T22:30:00Z,HORIZON_SECTOR,158.078085,209.581962,0.000000,75.135374,,0.925648,false,false,1.231412,0.583458,0.676023,1.000000
V4EV0075,cloudy,2027-09-19T19:30:00Z,2027-09-20T02:15:00Z,HORIZON_SECTOR,292.349371,0.793675,0.000000,51.384723,,0.903570,false,false,1.225892,0.593394,0.683751,1.000000
V4EV0028,rainy,2027-09-22T20:15:00Z,2027-09-23T19:00:00Z,ALL,,,,,,0.900203,true,false,1.720163,0.324847,0.414868,1.000000
V4EV0076,cloudy,2027-09-24T22:30:00Z,2027-09-25T20:15:00Z,HORIZON_SECTOR,102.069669,164.861943,0.000000,72.512523,,0.654016,false,false,1.163504,0.705693,0.771094,1.000000
V4EV0029,rainy,2027-09-27T19:00:00Z,2027-09-28T19:45:00Z,ALL,,,,,,0.988232,true,false,1.790586,0.258826,0.357649,1.000000
V4EV0077,cloudy,2027-09-29T20:00:00Z,2027-09-30T01:45:00Z,ALL,,,,,,0.572129,false,false,1.143032,0.742542,0.799755,1.000000
V4EV0030,rainy,2027-10-01T21:15:00Z,2027-10-02T01:45:00Z,ALL,,,,,,0.787730,true,false,1.630184,0.409202,0.487975,1.000000
V4EV0078,cloudy,2027-10-03T18:45:00Z,2027-10-03T22:15:00Z,ALL,,,,,,0.700960,false,false,1.175240,0.684568,0.754664,1.000000
V4EV0031,rainy,2027-10-05T00:45:00Z,2027-10-06T00:45:00Z,ALL,,,,,,0.591594,true,false,1.473275,0.556305,0.615464,1.000000
V4EV0079,cloudy,2027-10-05T20:45:00Z,2027-10-06T19:30:00Z,HORIZON_SECTOR,42.606627,141.348439,0.000000,58.726400,,0.821336,false,false,1.205334,0.630399,0.712532,1.000000
V4EV0080,cloudy,2027-10-08T22:30:00Z,2027-10-09T02:30:00Z,HORIZON_SECTOR,46.386667,141.770907,0.000000,75.393725,,0.748164,false,false,1.187041,0.663326,0.738143,1.000000
V4EV0032,rainy,2027-10-09T02:00:00Z,2027-10-09T20:00:00Z,ALL,,,,,,0.879479,true,false,1.703583,0.340391,0.428339,1.000000
V4EV0098,rocket_launch,2027-10-14T23:30:00Z,2027-10-15T00:45:00Z,HORIZON_SECTOR,193.544814,244.760628,0.000000,40.023761,,1.000000,true,false,1.000000,1.000000,1.000000,1.000000
V4EV0094,cold_wave,2027-10-15T21:45:00Z,2027-10-21T20:45:00Z,ALL,,,,,,0.942094,false,false,1.047105,0.962316,0.981158,1.000000
V4EV0081,cloudy,2027-10-16T02:15:00Z,2027-10-17T01:00:00Z,HORIZON_SECTOR,336.681191,36.785403,0.000000,45.667343,,0.609748,false,false,1.152437,0.725613,0.786588,1.000000
V4EV0033,rainy,2027-10-16T22:45:00Z,2027-10-17T19:15:00Z,ALL,,,,,,0.604682,true,false,1.483746,0.546488,0.606956,1.000000
V4EV0082,cloudy,2027-10-17T23:45:00Z,2027-10-18T22:15:00Z,ALL,,,,,,0.861546,false,false,1.215387,0.612304,0.698459,1.000000
V4EV0034,rainy,2027-10-21T22:45:00Z,2027-10-22T21:15:00Z,ALL,,,,,,0.662895,true,false,1.530316,0.502829,0.569118,1.000000
V4EV0083,cloudy,2027-10-24T02:00:00Z,2027-10-24T20:45:00Z,HORIZON_SECTOR,161.520056,224.875311,0.000000,40.793205,,0.984083,false,false,1.246021,0.557163,0.655571,1.000000
V4EV0084,cloudy,2027-10-25T21:30:00Z,2027-10-26T00:00:00Z,ALL,,,,,,0.976779,false,false,1.244195,0.560450,0.658128,1.000000
V4EV0035,rainy,2027-10-26T20:30:00Z,2027-10-27T19:45:00Z,ALL,,,,,,0.716126,true,false,1.572901,0.462906,0.534518,1.000000
V4EV0036,rainy,2027-10-29T21:00:00Z,2027-10-29T23:30:00Z,ALL,,,,,,0.608088,true,false,1.486470,0.543934,0.604743,1.000000
V4EV0085,cloudy,2027-11-03T00:15:00Z,2027-11-03T20:30:00Z,ALL,,,,,,0.885388,false,false,1.221347,0.601575,0.690114,1.000000
V4EV0037,rainy,2027-11-04T20:30:00Z,2027-11-05T00:00:00Z,ALL,,,,,,0.675088,true,false,1.540071,0.493684,0.561193,1.000000
V4EV0086,cloudy,2027-11-04T21:00:00Z,2027-11-04T23:30:00Z,HORIZON_SECTOR,147.271080,203.498004,0.000000,59.444565,,0.937372,false,false,1.234343,0.578183,0.671920,1.000000
V4EV0087,cloudy,2027-11-13T21:15:00Z,2027-11-14T00:15:00Z,ALL,,,,,,0.694245,false,false,1.173561,0.687590,0.757014,1.000000
V4EV0038,rainy,2027-11-14T19:45:00Z,2027-11-15T01:30:00Z,ALL,,,,,,0.599948,true,false,1.479959,0.550039,0.610034,1.000000
V4EV0039,rainy,2027-11-16T01:15:00Z,2027-11-17T01:30:00Z,ALL,,,,,,0.999010,true,false,1.799208,0.250743,0.350644,1.000000
V4EV0088,cloudy,2027-11-17T20:00:00Z,2027-11-18T20:45:00Z,ALL,,,,,,0.614962,false,false,1.153740,0.723267,0.784763,1.000000
V4EV0089,cloudy,2027-11-19T00:30:00Z,2027-11-20T00:15:00Z,ALL,,,,,,0.903379,false,false,1.225845,0.593480,0.683817,1.000000
V4EV0040,rainy,2027-11-24T23:15:00Z,2027-11-25T20:00:00Z,ALL,,,,,,0.960949,true,false,1.768759,0.279288,0.375383,1.000000
V4EV0090,cloudy,2027-11-28T19:45:00Z,2027-11-29T00:15:00Z,HORIZON_SECTOR,303.311918,357.899465,0.000000,78.664109,,0.843173,false,false,1.210793,0.620572,0.704889,1.000000
