decision_id,observe_index,action,start_utc,end_utc,duration_seconds,alt_deg,az_deg,program,assigned_count,hit_count,valid,invalidated_by
1,,wait,2026-12-02T05:00:00Z,2026-12-02T05:15:00Z,900,,,,0,0,true,
2,,wait,2026-12-02T05:15:00Z,2026-12-02T05:30:00Z,900,,,,0,0,true,
3,0,observe,2026-12-02T05:30:00Z,2026-12-02T05:31:00Z,60,33.5247,78.4843,BACKUP,6,6,true,
4,1,observe,2026-12-02T05:31:00Z,2026-12-02T05:32:00Z,60,33.6921,78.6754,BACKUP,6,6,true,
5,2,observe,2026-12-02T05:32:00Z,2026-12-02T05:47:00Z,900,33.2738,79.3902,DARK,9,9,true,
6,3,observe,2026-12-02T05:47:00Z,2026-12-02T06:02:00Z,900,34.3128,76.3863,DARK,9,9,true,
7,4,observe,2026-12-02T06:02:00Z,2026-12-02T06:17:00Z,900,37.3872,77.4247,DARK,9,9,true,
8,5,observe,2026-12-02T06:17:00Z,2026-12-02T06:32:00Z,900,39.7641,70.8797,DARK,9,9,true,
9,6,observe,2026-12-02T06:32:00Z,2026-12-02T06:47:00Z,900,42.8176,92.9202,DARK,8,8,true,
10,7,observe,2026-12-02T06:47:00Z,2026-12-02T07:02:00Z,900,46.1567,91.6446,DARK,9,9,true,
11,8,observe,2026-12-02T07:02:00Z,2026-12-02T07:17:00Z,900,49.5772,95.8743,DARK,9,9,true,
12,9,observe,2026-12-02T07:17:00Z,2026-12-02T07:32:00Z,900,51.7804,80.8845,DARK,9,9,true,
13,10,observe,2026-12-02T07:32:00Z,2026-12-02T07:47:00Z,900,54.8877,67.3974,DARK,9,9,true,
14,11,observe,2026-12-02T07:47:00Z,2026-12-02T08:02:00Z,900,57.9386,104.9820,DARK,9,9,true,
