event_id,night_id,magnitude,degradation,seeing_multiplier,transparency_multiplier,sky_quality_multiplier,instrument_efficiency_multiplier
V4EV0009,N20261104,6.484,0.788930,1.000000,1.000000,1.000000,0.211070
V4EV0009,N20261105,6.484,0.614419,1.000000,1.000000,1.000000,0.385581
V4EV0009,N20261106,6.484,0.478510,1.000000,1.000000,1.000000,0.521490
V4EV0009,N20261107,6.484,0.372664,1.000000,1.000000,1.000000,0.627336
V4EV0009,N20261108,6.484,0.290231,1.000000,1.000000,1.000000,0.709769
V4EV0009,N20261109,6.484,0.226032,1.000000,1.000000,1.000000,0.773968
V4EV0009,N20261110,6.484,0.176034,1.000000,1.000000,1.000000,0.823966
V4EV0009,N20261111,6.484,0.137095,1.000000,1.000000,1.000000,0.862905
V4EV0009,N20261112,6.484,0.106770,1.000000,1.000000,1.000000,0.893230
V4EV0009,N20261113,6.484,0.083153,1.000000,1.000000,1.000000,0.916847
V4EV0009,N20261114,6.484,0.064759,1.000000,1.000000,1.000000,0.935241
V4EV0009,N20261115,6.484,0.050435,1.000000,1.000000,1.000000,0.949565
V4EV0009,N20261116,6.484,0.039279,1.000000,1.000000,1.000000,0.960721
V4EV0009,N20261117,6.484,0.030590,1.000000,1.000000,1.000000,0.969410
V4EV0009,N20261118,6.484,0.023824,1.000000,1.000000,1.000000,0.976176
V4EV0009,N20261119,6.484,0.018554,1.000000,1.000000,1.000000,0.981446
V4EV0009,N20261120,6.484,0.014450,1.000000,1.000000,1.000000,0.985550
V4EV0009,N20261121,6.484,0.011253,1.000000,1.000000,1.000000,0.988747
V4EV0010,N20261217,5.767,0.460799,1.000000,1.000000,1.000000,0.539201
V4EV0010,N20261218,5.767,0.358871,1.000000,1.000000,1.000000,0.641129
V4EV0010,N20261219,5.767,0.279489,1.000000,1.000000,1.000000,0.720511
V4EV0010,N20261220,5.767,0.217666,1.000000,1.000000,1.000000,0.782334
V4EV0010,N20261221,5.767,0.169518,1.000000,1.000000,1.000000,0.830482
V4EV0010,N20261222,5.767,0.132021,1.000000,1.000000,1.000000,0.867979
V4EV0010,N20261223,5.767,0.102818,1.000000,1.000000,1.000000,0.897182
V4EV0010,N20261224,5.767,0.080075,1.000000,1.000000,1.000000,0.919925
V4EV0010,N20261225,5.767,0.062362,1.000000,1.000000,1.000000,0.937638
V4EV0010,N20261226,5.767,0.048568,1.000000,1.000000,1.000000,0.951432
V4EV0010,N20261227,5.767,0.037825,1.000000,1.000000,1.000000,0.962175
V4EV0010,N20261228,5.767,0.029458,1.000000,1.000000,1.000000,0.970542
V4EV0010,N20261229,5.767,0.022942,1.000000,1.000000,1.000000,0.977058
V4EV0010,N20261230,5.767,0.017867,1.000000,1.000000,1.000000,0.982133
V4EV0010,N20261231,5.767,0.013915,1.000000,1.000000,1.000000,0.986085
V4EV0010,N20270101,5.767,0.010837,1.000000,1.000000,1.000000,0.989163
