observation_id,observe_index,target_id,fiber_id,factor,quality,prog_mult,score,valid,invalidated_by
1,0,V4T011401,12,0.594627,1.060858,1.000000,1.010866,true,
2,0,V4T009033,7,0.143252,1.060179,1.000000,0.064463,true,
3,0,V4T010395,11,0.187641,1.061077,1.000000,0.318989,true,
4,0,V4T029740,17,0.413186,1.061689,1.000000,0.123956,true,
5,0,V4T031883,13,0.279982,1.060600,1.000000,0.475970,true,
6,0,V4T018070,16,0.039083,1.061633,1.000000,0.039083,true,
7,0,V4T033019,18,0.072744,1.061676,1.000000,0.072744,true,
8,0,V4T015936,6,0.036682,1.059986,1.000000,0.036682,true,
9,0,V4T026648,8,0.256217,1.059337,1.000000,0.076865,true,
10,0,V4T049528,2,0.078042,1.058748,1.000000,0.078042,true,
11,0,V4T027902,22,0.062099,1.062952,1.000000,0.062099,true,
12,0,V4T030411,14,0.107231,1.061437,1.000000,0.048254,true,
13,0,V4T010909,5,0.040895,1.060019,1.000000,0.040895,true,
14,0,V4T039319,15,0.095958,1.061778,1.000000,0.043181,true,
15,0,V4T027448,21,0.049761,1.063108,1.000000,0.049761,true,
16,0,V4T009129,10,0.061147,1.061197,1.000000,0.061147,true,
17,0,V4T014585,23,0.095356,1.063032,1.000000,0.042910,true,
18,0,V4T046627,3,0.046693,1.058714,1.000000,0.046693,true,
19,0,V4T035084,1,0.073229,1.058741,1.000000,0.073229,true,
20,0,V4T043465,19,0.416280,1.062336,1.000000,0.124884,true,
21,0,V4T023786,24,0.071049,1.063171,1.000000,0.071049,true,
22,0,V4T011071,20,0.193951,1.063363,1.000000,0.329716,true,
23,0,V4T039394,4,0.449577,1.058687,1.000000,0.134873,true,
24,1,V4T009523,12,0.266071,1.059349,1.000000,0.452321,true,
25,1,V4T008636,11,0.043592,1.059365,1.000000,0.043592,true,
26,1,V4T005996,15,0.063218,1.060972,1.000000,0.063218,true,
27,1,V4T044940,2,0.069112,1.056132,1.000000,0.069112,true,
28,2,V4T021838,12,1.000000,1.041937,1.200000,2.040000,true,
29,2,V4T035109,7,1.000000,1.041076,1.200000,0.540000,true,
30,2,V4T004994,17,1.000000,1.042963,1.200000,0.360000,true,
31,2,V4T005148,13,1.000000,1.041508,1.200000,1.200000,true,
32,2,V4T034162,11,1.000000,1.041846,1.200000,0.360000,true,
33,2,V4T031517,6,0.824995,1.040888,1.200000,0.989993,true,
34,2,V4T001315,8,0.916978,1.041061,1.200000,0.495168,true,
35,2,V4T034396,16,0.700212,1.043325,1.200000,0.840255,true,
36,2,V4T013961,18,1.000000,1.043220,1.200000,0.540000,true,
37,2,V4T040154,2,1.000000,1.039702,1.200000,0.540000,true,
38,2,V4T017624,22,1.000000,1.044141,1.200000,2.040000,true,
39,2,V4T047568,3,1.000000,1.039704,1.200000,2.040000,true,
40,2,V4T021486,23,1.000000,1.044120,1.200000,1.200000,true,
41,2,V4T019993,14,1.000000,1.041682,1.200000,2.040000,true,
42,2,V4T019939,10,1.000000,1.042248,1.200000,0.540000,true,
43,2,V4T016721,19,0.587432,1.042649,1.200000,0.704918,true,
44,2,V4T034604,5,0.807151,1.040910,1.200000,0.435861,true,
45,2,V4T000343,9,0.479127,1.040428,1.200000,0.574952,true,
46,2,V4T019622,1,0.406298,1.039234,1.200000,0.487558,true,
47,2,V4T034477,15,1.000000,1.042953,1.200000,2.040000,true,
48,2,V4T048033,21,1.000000,1.044904,1.200000,0.360000,true,
49,2,V4T012806,24,0.385102,1.044175,1.200000,0.462123,true,
50,2,V4T045695,4,0.617771,1.038929,1.200000,0.741325,true,
51,2,V4T014078,0,1.000000,1.038675,1.200000,2.040000,true,
52,2,V4T014703,20,0.655710,1.045068,1.200000,0.786853,true,
53,3,V4T018833,12,1.000000,0.978903,1.200000,2.040000,true,
54,3,V4T038614,13,0.667806,0.978300,1.200000,0.801367,true,
55,3,V4T042187,10,0.694141,0.978877,1.200000,0.832969,true,
56,3,V4T046242,19,1.000000,0.980238,1.200000,1.200000,true,
57,3,V4T005883,6,1.000000,0.977232,1.200000,1.200000,true,
58,3,V4T013167,22,0.668648,0.982782,1.200000,0.802377,true,
59,3,V4T007259,5,0.907402,0.977825,1.200000,0.489997,true,
60,3,V4T025153,0,1.000000,0.975848,1.200000,0.360000,true,
61,4,V4T008334,12,1.000000,0.953527,1.200000,2.040000,true,
62,4,V4T041885,13,0.473984,0.952990,1.200000,0.568781,true,
63,4,V4T014235,6,1.000000,0.952458,1.200000,1.200000,true,
64,4,V4T015972,16,0.400829,0.954763,1.200000,0.480995,true,
65,4,V4T042418,11,1.000000,0.953941,1.200000,2.040000,true,
66,4,V4T047550,7,1.000000,0.951633,1.200000,0.540000,true,
67,4,V4T015737,17,1.000000,0.955920,1.200000,0.360000,true,
68,4,V4T030470,18,1.000000,0.955100,1.200000,0.540000,true,
69,4,V4T013451,22,1.000000,0.956304,1.200000,2.040000,true,
70,4,V4T011818,14,1.000000,0.954092,1.200000,0.540000,true,
71,4,V4T039789,9,1.000000,0.951875,1.200000,0.360000,true,
72,4,V4T015848,23,1.000000,0.956712,1.200000,0.540000,true,
73,4,V4T042530,19,1.000000,0.955588,1.200000,0.540000,true,
74,4,V4T042043,24,1.000000,0.956170,1.200000,0.360000,true,
75,4,V4T028887,21,1.000000,0.957047,1.200000,0.540000,true,
76,4,V4T007476,5,1.000000,0.951411,1.200000,0.540000,true,
77,4,V4T042036,4,0.819485,0.950024,1.200000,0.442522,true,
78,5,V4T033605,12,1.000000,0.883617,1.200000,2.040000,true,
79,5,V4T022075,6,1.000000,0.881646,1.200000,2.040000,true,
80,5,V4T020081,22,0.525995,0.886602,1.200000,0.631194,true,
81,5,V4T009185,5,0.940016,0.881837,1.200000,1.128019,true,
82,5,V4T031053,1,1.000000,0.879878,1.200000,2.040000,true,
83,5,V4T029889,4,0.581450,0.880071,1.200000,0.697740,true,
84,5,V4T013100,0,0.516052,0.879337,1.200000,0.619263,true,
85,5,V4T010259,24,0.329343,0.887246,1.200000,0.395212,true,
86,5,V4T017432,20,0.793011,0.887933,1.200000,0.951613,true,
87,6,V4T020909,12,1.000000,0.927502,1.200000,2.040000,true,
88,6,V4T049313,11,1.000000,0.927891,1.200000,2.040000,true,
89,6,V4T004313,16,1.000000,0.929551,1.200000,0.540000,true,
90,7,V4T019713,12,1.000000,0.814801,1.200000,2.040000,true,
91,7,V4T016087,14,0.721820,0.814407,1.200000,0.866184,true,
92,7,V4T000500,5,1.000000,0.812094,1.200000,0.540000,true,
93,7,V4T044915,23,0.707937,0.819441,1.200000,0.849524,true,
94,7,V4T007878,24,1.000000,0.820625,1.200000,1.200000,true,
95,8,V4T018761,12,1.000000,0.815672,1.200000,2.040000,true,
96,8,V4T030530,11,1.000000,0.814473,1.200000,0.540000,true,
97,8,V4T003945,7,0.701976,0.812619,1.200000,0.842371,true,
98,8,V4T018431,16,1.000000,0.818422,1.200000,1.200000,true,
99,8,V4T006732,22,0.429550,0.821188,1.200000,0.515459,true,
100,8,V4T006184,14,0.401983,0.814581,1.200000,0.482380,true,
101,8,V4T013988,20,1.000000,0.819901,1.200000,0.540000,true,
102,8,V4T042980,19,1.000000,0.819379,1.200000,0.540000,true,
103,8,V4T040011,5,1.000000,0.812176,1.200000,0.540000,true,
104,9,V4T044233,12,1.000000,0.739596,1.200000,2.040000,true,
105,9,V4T017166,7,0.852017,0.737602,1.200000,1.022420,true,
106,9,V4T046164,16,0.738320,0.741263,1.200000,0.885984,true,
107,9,V4T017203,2,0.398754,0.734119,1.200000,0.478505,true,
108,9,V4T007402,21,1.000000,0.743948,1.200000,2.040000,true,
109,9,V4T045301,15,1.000000,0.742546,1.200000,2.040000,true,
110,9,V4T044528,20,0.402978,0.745416,1.200000,0.483574,true,
111,10,V4T011165,12,1.000000,0.735679,1.200000,2.040000,true,
112,10,V4T010566,17,0.254201,0.739480,1.200000,0.305041,true,
113,10,V4T024243,19,1.000000,0.737070,1.200000,0.540000,true,
114,10,V4T038817,5,0.209063,0.733419,1.200000,0.250875,true,
115,10,V4T033360,9,0.250946,0.733847,1.200000,0.301135,true,
116,10,V4T014919,18,0.785863,0.739319,1.200000,0.424366,true,
117,10,V4T013634,10,1.000000,0.736118,1.200000,1.200000,true,
118,10,V4T003983,1,0.466092,0.729305,1.200000,0.559311,true,
119,10,V4T041764,4,0.879184,0.730520,1.200000,0.474759,true,
120,11,V4T041032,12,0.773803,0.859433,1.200000,0.928564,true,
121,11,V4T046841,13,0.450233,0.860326,1.200000,0.540280,true,
122,11,V4T006079,7,0.839331,0.857556,1.200000,1.007197,true,
123,11,V4T038361,8,1.000000,0.857376,1.200000,2.040000,true,
124,11,V4T029003,11,0.912684,0.859744,1.200000,1.095220,true,
125,11,V4T019959,6,0.594194,0.855611,1.200000,0.713032,true,
126,11,V4T007464,2,1.000000,0.854974,1.200000,2.040000,true,
127,11,V4T040534,14,1.000000,0.858790,1.200000,0.540000,true,
128,11,V4T047137,19,0.558614,0.860989,1.200000,0.670337,true,
129,11,V4T008354,3,0.478844,0.854873,1.200000,0.574613,true,
130,11,V4T019139,1,0.548330,0.854214,1.200000,0.657997,true,
131,11,V4T044271,9,0.722303,0.856851,1.200000,0.866764,true,
132,11,V4T036954,5,1.000000,0.856414,1.200000,1.200000,true,
133,11,V4T041901,4,0.891757,0.854708,1.200000,1.070109,true,
